job,years,education,salary,company,scale,job_url
python工程师,1-3年,本科,12500,北京卡车之家信息技术股份有限公司,100-499人,http://jobs.zhaopin.com/226329611250673.htm
python爬虫工程师,1-3年,本科,15000,银谷普惠信息咨询(北京)有限公司,1000-9999人,http://jobs.zhaopin.com/602987121254600.htm
中级Python开发工程师,3-5年,本科,16000,北京蓝沧科技有限公司,20-99人,http://jobs.zhaopin.com/273335789250058.htm
Python开发工程师,3-5年,本科,0,中软国际科技服务有限公司深圳分公司,10000人以上,http://jobs.zhaopin.com/508620126262650.htm
Python工程师招实习生,不限,中专,5000,广州百单网互联网科技有限公司,100-499人,http://jobs.zhaopin.com/444406089252925.htm
python工程师【坐标郑州】,1-3年,大专,12500,河南奇酷信息技术有限公司,100-499人,http://jobs.zhaopin.com/319483532250471.htm
python开发工程师,1-3年,本科,13500,大唐联诚信息系统技术有限公司,500-999人,http://jobs.zhaopin.com/174786810267864.htm
Python开发工程师,不限,不限,30000,销售易,100-499人,http://jobs.zhaopin.com/664572729250534.htm
Python开发工程师待遇从优,不限,中专,5000,广州胖虾网络科技有限公司,100-499人,http://jobs.zhaopin.com/514689632251245.htm
Linux C++/Python高级研发工程师,不限,不限,30000,北京好巧国际旅行社有限公司,100-499人,http://jobs.zhaopin.com/325958332250063.htm
Python研发工程师,3-5年,本科,17500,中科富创(北京)科技有限公司,100-499人,http://jobs.zhaopin.com/655747121250537.htm
Python 高级工程师（模拟请求方向）,1-3年,大专,18000,北京博派通达科技有限公司,20-99人,http://jobs.zhaopin.com/664391127250170.htm
python 研发工程师,1-3年,本科,12500,长安通信科技有限责任公司,500-999人,http://jobs.zhaopin.com/537276629250550.htm
python工程师,1-3年,本科,7000,网帅科技(北京)有限公司,20-99人,http://jobs.zhaopin.com/276661739250004.htm
服务器端Python工程师,1-3年,不限,37500,北京闪银奇异科技有限公司,500-999人,http://jobs.zhaopin.com/653863026250312.htm
Python工程师,不限,不限,12500,北京比邻弘科科技有限公司,20-99人,http://jobs.zhaopin.com/535962227250206.htm
Python工程师,3-5年,本科,17500,北京热刺激光技术有限责任公司,500-999人,http://jobs.zhaopin.com/174693926250154.htm
高级Python开发工程师,3-5年,本科,20000,上海甦翔投资咨询有限公司 - 研发中心,100-499人,http://jobs.zhaopin.com/389004982250189.htm
Python开发工程师,3-5年,大专,17500,乐飞天下信息技术(北京)有限公司,20-99人,http://jobs.zhaopin.com/693696125250066.htm
python爬虫工程师,3-5年,本科,30000,蛋壳公寓,500-999人,http://jobs.zhaopin.com/274754284250854.htm
高级Python开发工程师,3-5年,本科,35000,成安(北京)科技发展有限公司,20-99人,http://jobs.zhaopin.com/444394731250000.htm
python开发工程师,1-3年,本科,12000,极道科技(北京)有限公司,20-99人,http://jobs.zhaopin.com/297819486250008.htm
Python开发工程师,3-5年,大专,12500,北京高域海汇科技有限公司,100-499人,http://jobs.zhaopin.com/559084537250004.htm
量化算法工程师（Python中级）,1-3年,不限,12500,云量科技(北京)有限责任公司,20-99人,http://jobs.zhaopin.com/329792939250052.htm
Python研发工程师 爬虫,3-5年,本科,17500,北京汇游科技有限公司,20-99人,http://jobs.zhaopin.com/305388985250014.htm
python开发工程师,1-3年,本科,17500,北京坚果金服科技有限公司,1000-9999人,http://jobs.zhaopin.com/459265682250116.htm
Python爬虫工程师,不限,不限,12500,天津火星文化有限公司北京分公司,20-99人,http://jobs.zhaopin.com/256151131250126.htm
python工程师,1-3年,本科,20000,掌阅科技股份有限公司,500-999人,http://jobs.zhaopin.com/180927621251280.htm
Python开发工程师（北京）,1-3年,本科,20000,深圳市八斗才数据有限公司,20-99人,http://jobs.zhaopin.com/562550032250030.htm
Python开发工程师,3-5年,本科,18000,北京快人科技有限公司,20-99人,http://jobs.zhaopin.com/359997934250106.htm
Python开发工程师,1-3年,本科,12500,北京数智源科技股份有限公司,100-499人,http://jobs.zhaopin.com/422406611250723.htm
爬虫工程师/Python爬虫,不限,不限,20000,北京创鑫旅程网络技术有限公司,500-999人,http://jobs.zhaopin.com/410374026254866.htm
Python爬虫工程师,1-3年,本科,22500,北京造数科技有限公司,20-99人,http://jobs.zhaopin.com/479147288250014.htm
Web后端工程师（Python初级）,不限,不限,9000,云量科技(北京)有限责任公司,20-99人,http://jobs.zhaopin.com/329792939250046.htm
Python开发工程师,1-3年,不限,12000,小付钱包技术(北京)有限公司,1000-9999人,http://jobs.zhaopin.com/366395821250564.htm
Python/GO开发工程师,不限,本科,20000,北京蓝汛通信技术有限责任公司,1000-9999人,http://jobs.zhaopin.com/000405635254535.htm
Python工程师,不限,不限,15000,北京小爱智能科技有限公司,20-99人,http://jobs.zhaopin.com/529214783250018.htm
Python爬虫开发工程师,3-5年,本科,20000,北京斯图飞腾科技有限公司,20-99人,http://jobs.zhaopin.com/CZ408806830J00001457813.htm
Python软件开发工程师,不限,不限,9000,叠云(北京)科技股份有限公司,20-99人,http://jobs.zhaopin.com/394261836250014.htm
Python开发工程师,3-5年,本科,14500,北京恒赢智航科技有限公司,100-499人,http://jobs.zhaopin.com/366971682250173.htm
python开发工程师,5-10年,本科,16500,云和恩墨(北京)信息技术有限公司,100-499人,http://jobs.zhaopin.com/401559422250258.htm
北京汇游科技有限公司招聘Python 爬虫 分布式,1-3年,本科,17500,北京汇游科技有限公司,20-99人,http://jobs.zhaopin.com/305388985250013.htm
产品／测试／Python／C#实习岗位,不限,不限,5000,北京数智源科技股份有限公司,100-499人,http://jobs.zhaopin.com/422406611250725.htm
实习岗位,不限,不限,5000,北京数智源科技股份有限公司,100-499人,http://jobs.zhaopin.com/422406611250763.htm
python工程师,1-3年,本科,12500,北京卡车之家信息技术股份有限公司,100-499人,http://jobs.zhaopin.com/226329611250673.htm
python爬虫工程师,1-3年,本科,15000,银谷普惠信息咨询(北京)有限公司,1000-9999人,http://jobs.zhaopin.com/602987121254600.htm
中级Python开发工程师,3-5年,本科,16000,北京蓝沧科技有限公司,20-99人,http://jobs.zhaopin.com/273335789250058.htm
Python开发工程师,3-5年,本科,0,中软国际科技服务有限公司深圳分公司,10000人以上,http://jobs.zhaopin.com/508620126262650.htm
Python工程师招实习生,不限,中专,5000,广州百单网互联网科技有限公司,100-499人,http://jobs.zhaopin.com/444406089252925.htm
python工程师【坐标郑州】,1-3年,大专,12500,河南奇酷信息技术有限公司,100-499人,http://jobs.zhaopin.com/319483532250471.htm
python开发工程师,1-3年,本科,13500,大唐联诚信息系统技术有限公司,500-999人,http://jobs.zhaopin.com/174786810267864.htm
Python开发工程师,不限,不限,30000,销售易,100-499人,http://jobs.zhaopin.com/664572729250534.htm
Python开发工程师待遇从优,不限,中专,5000,广州胖虾网络科技有限公司,100-499人,http://jobs.zhaopin.com/514689632251245.htm
Linux C++/Python高级研发工程师,不限,不限,30000,北京好巧国际旅行社有限公司,100-499人,http://jobs.zhaopin.com/325958332250063.htm
Python研发工程师,3-5年,本科,17500,中科富创(北京)科技有限公司,100-499人,http://jobs.zhaopin.com/655747121250537.htm
Python 高级工程师（模拟请求方向）,1-3年,大专,18000,北京博派通达科技有限公司,20-99人,http://jobs.zhaopin.com/664391127250170.htm
python 研发工程师,1-3年,本科,12500,长安通信科技有限责任公司,500-999人,http://jobs.zhaopin.com/537276629250550.htm
python工程师,1-3年,本科,7000,网帅科技(北京)有限公司,20-99人,http://jobs.zhaopin.com/276661739250004.htm
服务器端Python工程师,1-3年,不限,37500,北京闪银奇异科技有限公司,500-999人,http://jobs.zhaopin.com/653863026250312.htm
Python工程师,不限,不限,12500,北京比邻弘科科技有限公司,20-99人,http://jobs.zhaopin.com/535962227250206.htm
Python工程师,3-5年,本科,17500,北京热刺激光技术有限责任公司,500-999人,http://jobs.zhaopin.com/174693926250154.htm
高级Python开发工程师,3-5年,本科,20000,上海甦翔投资咨询有限公司 - 研发中心,100-499人,http://jobs.zhaopin.com/389004982250189.htm
Python开发工程师,3-5年,大专,17500,乐飞天下信息技术(北京)有限公司,20-99人,http://jobs.zhaopin.com/693696125250066.htm
python爬虫工程师,3-5年,本科,30000,蛋壳公寓,500-999人,http://jobs.zhaopin.com/274754284250854.htm
高级Python开发工程师,3-5年,本科,35000,成安(北京)科技发展有限公司,20-99人,http://jobs.zhaopin.com/444394731250000.htm
python开发工程师,1-3年,本科,12000,极道科技(北京)有限公司,20-99人,http://jobs.zhaopin.com/297819486250008.htm
Python开发工程师,3-5年,大专,12500,北京高域海汇科技有限公司,100-499人,http://jobs.zhaopin.com/559084537250004.htm
Python研发工程师 爬虫,3-5年,本科,17500,北京汇游科技有限公司,20-99人,http://jobs.zhaopin.com/305388985250014.htm
量化算法工程师（Python中级）,1-3年,不限,12500,云量科技(北京)有限责任公司,20-99人,http://jobs.zhaopin.com/329792939250052.htm
python开发工程师,1-3年,本科,17500,北京坚果金服科技有限公司,1000-9999人,http://jobs.zhaopin.com/459265682250116.htm
Python爬虫工程师,不限,不限,12500,天津火星文化有限公司北京分公司,20-99人,http://jobs.zhaopin.com/256151131250126.htm
python工程师,1-3年,本科,20000,掌阅科技股份有限公司,500-999人,http://jobs.zhaopin.com/180927621251280.htm
Python开发工程师（北京）,1-3年,本科,20000,深圳市八斗才数据有限公司,20-99人,http://jobs.zhaopin.com/562550032250030.htm
Python开发工程师,3-5年,本科,18000,北京快人科技有限公司,20-99人,http://jobs.zhaopin.com/359997934250106.htm
Python开发工程师,1-3年,本科,12500,北京数智源科技股份有限公司,100-499人,http://jobs.zhaopin.com/422406611250723.htm
爬虫工程师/Python爬虫,不限,不限,20000,北京创鑫旅程网络技术有限公司,500-999人,http://jobs.zhaopin.com/410374026254866.htm
Python爬虫工程师,1-3年,本科,22500,北京造数科技有限公司,20-99人,http://jobs.zhaopin.com/479147288250014.htm
Web后端工程师（Python初级）,不限,不限,9000,云量科技(北京)有限责任公司,20-99人,http://jobs.zhaopin.com/329792939250046.htm
Python/GO开发工程师,不限,本科,20000,北京蓝汛通信技术有限责任公司,1000-9999人,http://jobs.zhaopin.com/000405635254535.htm
Python开发工程师,1-3年,不限,12000,小付钱包技术(北京)有限公司,1000-9999人,http://jobs.zhaopin.com/366395821250564.htm
Python工程师,不限,不限,15000,北京小爱智能科技有限公司,20-99人,http://jobs.zhaopin.com/529214783250018.htm
Python爬虫开发工程师,3-5年,本科,20000,北京斯图飞腾科技有限公司,20-99人,http://jobs.zhaopin.com/CZ408806830J00001457813.htm
Python开发工程师,3-5年,本科,14500,北京恒赢智航科技有限公司,100-499人,http://jobs.zhaopin.com/366971682250173.htm
Python软件开发工程师,不限,不限,9000,叠云(北京)科技股份有限公司,20-99人,http://jobs.zhaopin.com/394261836250014.htm
python开发工程师,5-10年,本科,16500,云和恩墨(北京)信息技术有限公司,100-499人,http://jobs.zhaopin.com/401559422250258.htm
北京汇游科技有限公司招聘Python 爬虫 分布式,1-3年,本科,17500,北京汇游科技有限公司,20-99人,http://jobs.zhaopin.com/305388985250013.htm
产品／测试／Python／C#实习岗位,不限,不限,5000,北京数智源科技股份有限公司,100-499人,http://jobs.zhaopin.com/422406611250725.htm
实习岗位,不限,不限,5000,北京数智源科技股份有限公司,100-499人,http://jobs.zhaopin.com/422406611250763.htm
